{"cameraMode":{"drawMode":0,"name":"Shaded","section":"Shading Mode"},"sceneLighting":true,"audioPlay":false,"sceneViewState":{"showFog":true,"showMaterialUpdate":false,"showSkybox":true,"showFlares":true,"showImageEffects":true,"showParticleSystems":true},"in2DMode":false,"pivot":{"x":89.03706359863281,"y":4.868505477905273,"z":158.7008056640625},"rotation":{"x":0.06384225189685822,"y":0.5108945369720459,"z":-0.03806709125638008,"w":0.8564391136169434},"size":24.76835060119629,"orthographic":true}