{"cameraMode":{"drawMode":0,"name":"Shaded","section":"Shading Mode"},"sceneLighting":true,"audioPlay":false,"sceneViewState":{"showFog":true,"showMaterialUpdate":false,"showSkybox":true,"showFlares":true,"showImageEffects":true,"showParticleSystems":true},"in2DMode":false,"pivot":{"x":1065.4000244140625,"y":507.20001220703127,"z":0.0},"rotation":{"x":-0.021580776199698449,"y":0.04284260794520378,"z":0.0009375446243211627,"w":0.9988622665405273},"size":1635.48193359375,"orthographic":true}